split,motion_id,line_index,caption,tokens,f_tag,to_tag,style_groups,matched_keywords,text_path
train,008072,2,the person walks forward at a steady pace while moving most of their left hand side of their body compared to their right,the/DET person/NOUN walk/VERB forward/ADV at/ADP a/DET steady/ADJ pace/NOUN while/SCONJ move/VERB most/ADJ of/ADP their/DET left/ADJ hand/NOUN side/NOUN of/ADP their/DET body/NOUN compare/VERB to/ADP their/DET right/NOUN,0.0,0.0,Controlled motion,steady,D:\roboticsreport\HumanML3D\data\train-00001-of-00007.parquet
train,M008223,0,"person starts running very quickly while swinging arms right and left in front of him in a very fast, violent manner, then speeding up before stopping.",person/NOUN start/VERB run/VERB very/ADV quickly/ADV while/SCONJ swinge/VERB arm/NOUN right/ADV and/CCONJ left/VERB in/ADP front/NOUN of/ADP him/PRON in/ADP a/DET very/ADV fast/ADJ violent/ADJ manner/NOUN then/ADV speed/VERB up/ADP before/ADP stop/VERB,0.0,0.0,Energetic dynamic,fast,D:\roboticsreport\HumanML3D\data\train-00005-of-00007.parquet
train,001858,0,a person running and then crawling before returning to a run.,a/DET person/NOUN run/VERB and/CCONJ then/ADV crawl/VERB before/ADV return/VERB to/ADP a/DET run/NOUN,0.0,0.0,Energetic dynamic,run,D:\roboticsreport\HumanML3D\data\train-00000-of-00007.parquet
train,012806,1,"a man bends his legs slightly then takes a medium-length jump forward, raising his forearms slightly then letting them hang loose on landing.",a/DET man/NOUN bend/VERB his/DET leg/NOUN slightly/ADV then/ADV take/VERB a/DET mediumlength/NOUN jump/NOUN forward/ADV raise/VERB his/DET forearm/NOUN slightly/ADV then/ADV let/VERB them/PRON hang/VERB loose/ADJ on/ADP landing/NOUN,0.0,0.0,Energetic dynamic,jump,D:\roboticsreport\HumanML3D\data\train-00003-of-00007.parquet
train,M009223,0,"a person walks forward at a slow pace and stops, holding position.",a/DET person/NOUN walk/VERB forward/ADV at/ADP a/DET slow/ADJ pace/NOUN and/CCONJ stop/NOUN hold/VERB position/NOUN,0.0,0.0,Controlled motion,slow,D:\roboticsreport\HumanML3D\data\train-00005-of-00007.parquet
train,005656,0,"a person jumps and spins in place, then when they land they run forward, stop, and run backwards",a/DET person/NOUN jump/VERB and/CCONJ spin/VERB in/ADP place/NOUN then/ADV when/ADV they/PRON land/VERB they/PRON run/VERB forward/ADV stop/VERB and/CCONJ run/VERB backwards/ADV,0.0,0.0,Energetic dynamic,run,D:\roboticsreport\HumanML3D\data\train-00001-of-00007.parquet
train,M014424,2,a person does tricks while jump roping and then stops,a/DET person/NOUN does/AUX trick/NOUN while/SCONJ jump/NOUN roping/NOUN and/CCONJ then/ADV stop/VERB,0.0,0.0,Energetic dynamic,jump,D:\roboticsreport\HumanML3D\data\train-00006-of-00007.parquet
train,M013310,2,a person run fast across a room,a/DET person/NOUN run/VERB fast/ADV across/ADP a/DET room/NOUN,0.0,0.0,Energetic dynamic,fast;run,D:\roboticsreport\HumanML3D\data\train-00006-of-00007.parquet
train,000342,0,"a person does jumping jacks, spreading their arms and legs out and in with each jump",a/DET person/NOUN does/AUX jump/VERB jack/NOUN spread/VERB their/DET arm/NOUN and/CCONJ leg/NOUN out/ADV and/CCONJ in/ADV with/ADP each/DET jump/NOUN,0.0,0.0,Energetic dynamic,jump,D:\roboticsreport\HumanML3D\data\train-00000-of-00007.parquet
train,M013738,2,a person appears to be dancing like a chicken,a/DET person/NOUN appear/VERB to/PART be/AUX dance/VERB like/SCONJ a/DET chicken/NOUN,0.0,0.0,Dance expressive,dancing,D:\roboticsreport\HumanML3D\data\train-00006-of-00007.parquet
train,010747,1,"a person walks in a slow clockwise circle, stopping in a standing position.",a/DET person/NOUN walk/VERB in/ADP a/DET slow/ADJ clockwise/NOUN circle/NOUN stop/VERB in/ADP a/DET standing/ADJ position/NOUN,0.0,0.0,Controlled motion,slow,D:\roboticsreport\HumanML3D\data\train-00002-of-00007.parquet
train,014335,2,"a person takes some purposeful and quick strides forward, then starts to slow down.",a/DET person/NOUN take/VERB some/DET purposeful/ADJ and/CCONJ quick/ADJ stride/NOUN forward/ADV then/ADV start/VERB to/PART slow/VERB down/ADP,0.0,0.0,Controlled motion|Energetic dynamic,quick;slow,D:\roboticsreport\HumanML3D\data\train-00003-of-00007.parquet
train,M001777,0,a person squats then stands up and dances then spins in a circle while dancing,a/DET person/NOUN squat/VERB then/ADV stand/VERB up/ADP and/CCONJ dance/NOUN then/ADV spin/VERB in/ADP a/DET circle/NOUN while/SCONJ dance/VERB,0.0,9.0,Dance expressive,dancing,D:\roboticsreport\HumanML3D\data\train-00003-of-00007.parquet
train,M004712,1,a man is holding both arms out and then pulling them back in right to left as if he is transferring something heavy.,a/DET man/NOUN is/AUX hold/VERB both/DET arm/NOUN out/ADV and/CCONJ then/ADV pull/VERB them/PRON back/ADV in/ADP right/NOUN to/PART left/VERB as/SCONJ if/SCONJ he/PRON is/AUX transfer/VERB something/PRON heavy/ADJ,0.0,0.0,Heavy awkward,heavy,D:\roboticsreport\HumanML3D\data\train-00004-of-00007.parquet
train,M008689,0,"a person takes two slow steps forward, pivots on their right foot 180deg, then takes two more slow steps forward.",a/DET person/NOUN take/VERB two/NUM slow/ADJ step/NOUN forward/ADV pivot/NOUN on/ADP their/DET right/ADJ foot/NOUN then/ADV take/VERB two/NUM more/ADJ slow/ADJ step/NOUN forward/ADV,0.0,0.0,Controlled motion,slow,D:\roboticsreport\HumanML3D\data\train-00005-of-00007.parquet
train,004059,0,robot is performing different step of dance and moving left right.,robot/PROPN is/AUX perform/VERB different/ADJ step/NOUN of/ADP dance/NOUN and/CCONJ move/VERB left/ADV right/ADV,0.0,0.0,Dance expressive,dance,D:\roboticsreport\HumanML3D\data\train-00000-of-00007.parquet
train,M006534,1,a person takes a quick step forward.,a/DET person/NOUN take/VERB a/DET quick/ADJ step/NOUN forward/ADV,0.0,0.0,Energetic dynamic,quick,D:\roboticsreport\HumanML3D\data\train-00005-of-00007.parquet
train,M012684,0,this person holds his arms up as if to dance with a partner.,this/DET person/NOUN hold/VERB his/DET arm/NOUN up/ADV as/SCONJ if/SCONJ to/PART dance/VERB with/ADP a/DET partner/NOUN,0.0,0.0,Dance expressive,dance,D:\roboticsreport\HumanML3D\data\train-00006-of-00007.parquet
train,014097,1,"person is dancing by bending right arm and right leg lifting and bending at the same time a few times, they repeat this on the left, they jump to the side and kick the left leg back, and then jump to the left",person/NOUN is/AUX dance/VERB by/ADP bend/VERB right/ADJ arm/NOUN and/CCONJ right/ADJ leg/NOUN lifting/NOUN and/CCONJ bend/VERB at/ADP the/DET same/ADJ time/NOUN a/DET few/ADJ time/NOUN they/PRON repeat/VERB this/DET on/ADP the/DET left/NOUN they/PRON jump/VERB to/ADP the/DET side/NOUN and/CCONJ kick/VERB the/DET left/ADJ leg/NOUN back/ADV and/CCONJ then/ADV jump/VERB to/ADP the/DET left/NOUN,0.0,0.0,Dance expressive|Energetic dynamic,dancing;jump,D:\roboticsreport\HumanML3D\data\train-00003-of-00007.parquet
train,M009201,2,obstacle courses sometimes require an athlete to run in a backwards motion.,obstacle/NOUN course/NOUN sometimes/ADV require/VERB an/DET athlete/NOUN to/PART run/VERB in/ADP a/DET backwards/ADJ motion/NOUN,0.0,0.0,Energetic dynamic,run,D:\roboticsreport\HumanML3D\data\train-00005-of-00007.parquet
train,M002232,2,a man dancing to salsa music,a/DET man/NOUN dance/VERB to/ADP salsa/NOUN music/NOUN,0.0,0.0,Dance expressive,dancing,D:\roboticsreport\HumanML3D\data\train-00004-of-00007.parquet
train,011288,2,"a person turns towards to the right, picks up a heavy object and turns and set it down in front of him.",a/DET person/NOUN turn/VERB towards/ADP to/ADP the/DET right/NOUN pick/VERB up/ADP a/DET heavy/ADJ object/NOUN and/CCONJ turn/VERB and/CCONJ set/VERB it/PRON down/ADP in/ADP front/NOUN of/ADP him/PRON,0.0,0.0,Heavy awkward,heavy,D:\roboticsreport\HumanML3D\data\train-00002-of-00007.parquet
train,M002375,2,a a person practices a salsa dance routine by themselves,a/DET a/DET person/NOUN practice/VERB a/DET salsa/NOUN dance/NOUN routine/NOUN by/ADP themselves/PRON,0.0,0.0,Dance expressive,dance,D:\roboticsreport\HumanML3D\data\train-00004-of-00007.parquet
train,006480,1,a person takes a couple quick steps forward.,a/DET person/NOUN take/VERB a/DET couple/NOUN quick/ADJ step/NOUN forward/ADV,0.0,0.0,Energetic dynamic,quick,D:\roboticsreport\HumanML3D\data\train-00001-of-00007.parquet
train,013233,1,rising the hands and like tired.,rise/VERB the/DET hand/NOUN and/CCONJ like/INTJ tired/ADJ,0.0,0.0,Heavy awkward,tired,D:\roboticsreport\HumanML3D\data\train-00003-of-00007.parquet
train,008202,0,a person does a small 180 degree jump turn then turns back around to the front.,a/DET person/NOUN does/AUX a/DET small/ADJ degree/NOUN jump/NOUN turn/NOUN then/ADV turn/VERB back/ADV around/ADV to/ADP the/DET front/NOUN,0.0,0.0,Energetic dynamic,jump,D:\roboticsreport\HumanML3D\data\train-00001-of-00007.parquet
train,M011883,2,the person is doing the chicken dance.,the/DET person/NOUN is/AUX do/VERB the/DET chicken/NOUN dance/NOUN,0.0,0.0,Dance expressive,dance,D:\roboticsreport\HumanML3D\data\train-00006-of-00007.parquet
train,M000722,1,"someone starts stumbling towards the left, then starts to stumble in a figure eight position to realign and halt before completing the figure eight.",someone/PRON start/VERB stumble/VERB towards/ADP the/DET left/NOUN then/ADV start/VERB to/PART stumble/VERB in/ADP a/DET figure/NOUN eight/NUM position/NOUN to/PART realign/VERB and/CCONJ halt/VERB before/ADP complete/VERB the/DET figure/NOUN eight/NUM,0.0,9.0,Heavy awkward,stumble,D:\roboticsreport\HumanML3D\data\train-00003-of-00007.parquet
train,M004045,2,"this person is walking forward at an easy but steady pace, starting with the right foot and completing 8 steps, ending with the right foot forward.",this/DET person/NOUN is/AUX walk/VERB forward/ADV at/ADP an/DET easy/ADJ but/CCONJ steady/ADJ pace/NOUN start/VERB with/ADP the/DET right/ADJ foot/NOUN and/CCONJ complete/VERB step/NOUN end/VERB with/ADP the/DET right/ADJ foot/NOUN forward/ADV,0.0,0.0,Controlled motion,steady,D:\roboticsreport\HumanML3D\data\train-00004-of-00007.parquet
train,M007217,2,a person is walking forward and dancing at the same time. they are throwing their limbs out in sudden movements and shaking their legs.,a/DET person/NOUN is/AUX walk/VERB forward/ADV and/CCONJ dance/VERB at/ADP the/DET same/ADJ time/NOUN they/PRON are/AUX throw/VERB their/DET limb/NOUN out/ADP in/ADP sudden/ADJ movement/NOUN and/CCONJ shake/VERB their/DET leg/NOUN,0.0,0.0,Dance expressive,dancing,D:\roboticsreport\HumanML3D\data\train-00005-of-00007.parquet
train,M010463,1,a person readies their jump rope and then begins skipping rope.,a/DET person/NOUN ready/VERB their/DET jump/NOUN rope/NOUN and/CCONJ then/ADV begin/VERB skip/VERB rope/NOUN,0.0,0.0,Energetic dynamic,jump,D:\roboticsreport\HumanML3D\data\train-00006-of-00007.parquet
train,006162,2,a fast limp on the right foot.,a/DET fast/ADJ limp/NOUN on/ADP the/DET right/ADJ foot/NOUN,0.0,0.0,Energetic dynamic|Heavy awkward,fast;limp,D:\roboticsreport\HumanML3D\data\train-00001-of-00007.parquet
train,009294,1,a person squats down and then quickly makes a small jump straight up.,a/DET person/NOUN squat/VERB down/ADP and/CCONJ then/ADV quickly/ADV make/VERB a/DET small/ADJ jump/NOUN straight/ADV up/ADV,0.0,0.0,Energetic dynamic,jump,D:\roboticsreport\HumanML3D\data\train-00002-of-00007.parquet
train,M003448,2,a man walks backwards and the starts jump roping.,a/DET man/NOUN walk/VERB backwards/ADV and/CCONJ the/DET start/NOUN jump/NOUN roping/NOUN,0.0,0.0,Energetic dynamic,jump,D:\roboticsreport\HumanML3D\data\train-00004-of-00007.parquet
train,M002788,1,a person runs forwards and comes to a slow stop.,a/DET person/NOUN run/VERB forwards/ADV and/CCONJ come/VERB to/ADP a/DET slow/ADJ stop/NOUN,0.0,0.0,Controlled motion,slow,D:\roboticsreport\HumanML3D\data\train-00004-of-00007.parquet
train,M002823,2,"a person walks backwards, lifts their arms up, then down, then up agiain, then bends down, places hands on the ground amd dows a jump on to their knees. then they stamd up and step backwards",a/DET person/NOUN walk/VERB backwards/ADV lift/VERB their/DET arm/NOUN up/ADP then/ADV down/ADV then/ADV up/ADP agiain/ADJ then/ADV bend/VERB down/ADP place/VERB hand/NOUN on/ADP the/DET ground/NOUN amd/PROPN dow/VERB a/DET jump/NOUN on/ADP to/ADP their/DET knee/NOUN then/ADV they/PRON stamd/VERB up/ADP and/CCONJ step/VERB backwards/ADV,0.0,0.0,Energetic dynamic,jump,D:\roboticsreport\HumanML3D\data\train-00004-of-00007.parquet
train,014359,2,he does a run on the spot,he/PRON does/AUX a/DET run/NOUN on/ADP the/DET spot/NOUN,0.0,0.0,Energetic dynamic,run,D:\roboticsreport\HumanML3D\data\train-00003-of-00007.parquet
train,003356,1,the man is dancing using both legs and arms,the/DET man/NOUN is/AUX dance/VERB use/VERB both/DET leg/NOUN and/CCONJ arm/NOUN,0.0,0.0,Dance expressive,dancing,D:\roboticsreport\HumanML3D\data\train-00000-of-00007.parquet
train,M007555,2,walking forward then the body twirls around fast and keeps walking.,walk/VERB forward/ADV then/ADV the/DET body/NOUN twirl/VERB around/ADP fast/ADV and/CCONJ keep/VERB walk/VERB,0.0,0.0,Energetic dynamic,fast,D:\roboticsreport\HumanML3D\data\train-00005-of-00007.parquet
train,007790,2,"a person leans over and uses their arms to carry something heavy, stumbling forward with small steps.",a/DET person/NOUN lean/VERB over/ADP and/CCONJ use/VERB their/DET arm/NOUN to/PART carry/VERB something/PRON heavy/ADJ stumble/VERB forward/ADV with/ADP small/ADJ step/NOUN,0.0,0.0,Heavy awkward,heavy,D:\roboticsreport\HumanML3D\data\train-00001-of-00007.parquet
train,M005146,0,person walks slowly from upper left to bottom right using handrails to steady their steps.,person/NOUN walk/VERB slowly/ADV from/ADP upper/ADJ left/NOUN to/ADP bottom/NOUN right/ADJ use/VERB handrail/NOUN to/PART steady/VERB their/DET step/NOUN,0.0,0.0,Controlled motion,steady,D:\roboticsreport\HumanML3D\data\train-00004-of-00007.parquet
train,M003512,2,a person lifts something heavy with their right arm.,a/DET person/NOUN lift/VERB something/PRON heavy/ADJ with/ADP their/DET right/ADJ arm/NOUN,0.0,0.0,Heavy awkward,heavy,D:\roboticsreport\HumanML3D\data\train-00004-of-00007.parquet
train,M010532,1,a person doing the i'm a little tea pot dance.,a/DET person/NOUN do/VERB the/DET i/PRON a/DET little/ADJ tea/NOUN pot/NOUN dance/NOUN,0.0,0.0,Dance expressive,dance,D:\roboticsreport\HumanML3D\data\train-00006-of-00007.parquet
train,M002631,1,a person is running forward at a steady pace.,a/DET person/NOUN is/AUX run/VERB forward/ADV at/ADP a/DET steady/ADJ pace/NOUN,0.0,0.0,Controlled motion,steady,D:\roboticsreport\HumanML3D\data\train-00004-of-00007.parquet
train,M009575,1,a person practice ballroom dancing by themselves,a/DET person/NOUN practice/NOUN ballroom/NOUN dancing/NOUN by/ADP themselves/PRON,0.0,0.0,Dance expressive,dancing,D:\roboticsreport\HumanML3D\data\train-00005-of-00007.parquet
train,M008896,0,the person took a small jump forward.,the/DET person/NOUN take/VERB a/DET small/ADJ jump/NOUN forward/ADV,0.0,0.0,Energetic dynamic,jump,D:\roboticsreport\HumanML3D\data\train-00005-of-00007.parquet
train,002722,1,a person is running a steady pace on a treadmill.,a/DET person/NOUN is/AUX run/VERB a/DET steady/ADJ pace/NOUN on/ADP a/DET treadmill/NOUN,0.0,0.0,Controlled motion,steady,D:\roboticsreport\HumanML3D\data\train-00000-of-00007.parquet
train,M011079,1,person moves body in fast turn then rights something out of left hand very fast,person/NOUN move/VERB body/NOUN in/ADP fast/ADJ turn/NOUN then/ADV right/VERB something/PRON out/SCONJ of/ADP left/ADJ hand/NOUN very/ADV fast/ADV,0.0,0.0,Energetic dynamic,fast,D:\roboticsreport\HumanML3D\data\train-00006-of-00007.parquet
train,M000794,0,person is slow walking down.,person/NOUN is/AUX slow/ADJ walk/VERB down/ADV,0.0,0.0,Controlled motion,slow,D:\roboticsreport\HumanML3D\data\train-00003-of-00007.parquet
train,M003811,0,a person takes a jump rope and starts jumping rope.,a/DET person/NOUN take/VERB a/DET jump/NOUN rope/NOUN and/CCONJ start/VERB jumping/PROPN rope/NOUN,0.0,0.0,Energetic dynamic,jump,D:\roboticsreport\HumanML3D\data\train-00004-of-00007.parquet
train,M005997,1,the person is jumping rope very fast.,the/DET person/NOUN is/AUX jump/VERB rope/NOUN very/ADV fast/ADV,0.0,0.0,Energetic dynamic,fast,D:\roboticsreport\HumanML3D\data\train-00004-of-00007.parquet
train,010645,0,"imitates a ballet dance. right hand steps behind left, hands cur under than both lifts poisely.",imitate/VERB a/DET ballet/NOUN dance/NOUN right/ADJ hand/NOUN step/NOUN behind/ADP left/ADV hand/NOUN cur/VERB under/ADV than/SCONJ both/DET lift/NOUN poisely/ADV,0.0,0.0,Dance expressive,dance,D:\roboticsreport\HumanML3D\data\train-00002-of-00007.parquet
train,003724,0,a red and blue stick figure is standing and mimics the “walk like and egyptian” dance.,a/DET red/ADJ and/CCONJ blue/ADJ stick/NOUN figure/NOUN is/AUX stand/VERB and/CCONJ mimic/NOUN the/DET walk/NOUN like/SCONJ and/CCONJ egyptian/ADJ dance/NOUN,0.0,0.0,Dance expressive,dance,D:\roboticsreport\HumanML3D\data\train-00000-of-00007.parquet
train,M007408,1,a person who is standing with his hands by his sides takes four slow steps forward.,a/DET person/NOUN who/PRON is/AUX stand/VERB with/ADP his/DET hand/NOUN by/ADP his/DET side/NOUN take/VERB four/NUM slow/ADJ step/NOUN forward/ADV,0.0,0.0,Controlled motion,slow,D:\roboticsreport\HumanML3D\data\train-00005-of-00007.parquet
train,008733,2,"a man shakes his wrists, jumps backwards with a spin, and then finishes by spreading his arms.",a/DET man/NOUN shake/VERB his/DET wrist/NOUN jump/VERB backwards/ADV with/ADP a/DET spin/NOUN and/CCONJ then/ADV finish/VERB by/ADP spread/VERB his/DET arm/NOUN,0.0,0.0,Dance expressive,spin,D:\roboticsreport\HumanML3D\data\train-00002-of-00007.parquet
train,M002300,1,a figure take 2 quick steps forwards,a/DET figure/NOUN take/VERB quick/ADJ step/NOUN forwards/ADV,0.0,0.0,Energetic dynamic,quick,D:\roboticsreport\HumanML3D\data\train-00004-of-00007.parquet
train,006193,0,the person is doing a fancy dance.,the/DET person/NOUN is/AUX do/VERB a/DET fancy/ADJ dance/NOUN,0.0,0.0,Dance expressive,dance,D:\roboticsreport\HumanML3D\data\train-00001-of-00007.parquet
train,M002281,2,the person moves his arms around in a dancing motion.,the/DET person/NOUN move/VERB his/DET arm/NOUN around/ADV in/ADP a/DET dancing/NOUN motion/NOUN,0.0,0.0,Dance expressive,dancing,D:\roboticsreport\HumanML3D\data\train-00004-of-00007.parquet
train,012737,1,"a person is with their hands on their legs, knees slightly bent, and they sway from side to side and then straighten arms out to the side.",a/DET person/NOUN is/AUX with/ADP their/DET hand/NOUN on/ADP their/DET leg/NOUN knee/VERB slightly/ADV bent/ADJ and/CCONJ they/PRON sway/VERB from/ADP side/NOUN to/ADP side/NOUN and/CCONJ then/ADV straighten/VERB arm/NOUN out/ADP to/ADP the/DET side/NOUN,0.0,0.0,Dance expressive,sway,D:\roboticsreport\HumanML3D\data\train-00003-of-00007.parquet
train,010232,0,"the man is walking steadily not fast but not slow ,swinging his arms down word right to left right to left one foot in front of the other now one foot in front of the other.",the/DET man/NOUN is/AUX walk/VERB steadily/ADV not/PART fast/ADJ but/CCONJ not/PART slow/ADJ swinge/VERB his/DET arm/NOUN down/ADP word/NOUN right/NOUN to/ADP left/VERB right/ADV to/ADP left/VERB one/NUM foot/NOUN in/ADP front/NOUN of/ADP the/DET other/ADJ now/ADV one/NUM foot/NOUN in/ADP front/NOUN of/ADP the/DET other/ADJ,0.0,0.0,Controlled motion|Energetic dynamic,fast;slow,D:\roboticsreport\HumanML3D\data\train-00002-of-00007.parquet
train,010375,2,a person doing a jump pose.,a/DET person/NOUN do/VERB a/DET jump/NOUN pose/NOUN,0.0,0.0,Energetic dynamic,jump,D:\roboticsreport\HumanML3D\data\train-00002-of-00007.parquet
train,M003431,1,person facing forward does 5 small slow steps to the left then 5 slow steps to the  right,person/NOUN face/VERB forward/ADV does/AUX small/ADJ slow/ADJ step/NOUN to/ADP the/DET left/NOUN then/ADV slow/ADJ step/NOUN to/ADP the/DET right/NOUN,0.0,0.0,Controlled motion,slow,D:\roboticsreport\HumanML3D\data\train-00004-of-00007.parquet
train,006700,2,the figure takes a few steps forward and does a quick spin (180 degrees) on their left heel and swaying as they step out of the turn.,the/DET figure/NOUN take/VERB a/DET few/ADJ step/NOUN forward/ADV and/CCONJ does/AUX a/DET quick/ADJ spin/NOUN degree/NOUN on/ADP their/DET left/ADJ heel/NOUN and/CCONJ sway/VERB as/SCONJ they/PRON step/VERB out/SCONJ of/ADP the/DET turn/NOUN,0.0,0.0,Dance expressive|Energetic dynamic,quick;spin,D:\roboticsreport\HumanML3D\data\train-00001-of-00007.parquet
train,003837,1,robot turned back and climb on to something and jump started rolling on the ground and stands up.,robot/PROPN turn/VERB back/ADV and/CCONJ climb/VERB on/ADP to/ADP something/PRON and/CCONJ jump/NOUN start/VERB roll/VERB on/ADP the/DET ground/NOUN and/CCONJ stand/VERB up/ADP,0.0,0.0,Energetic dynamic,jump,D:\roboticsreport\HumanML3D\data\train-00000-of-00007.parquet
train,005301,2,a person does broad jumps back and forth with a quick stretch in between jumps.,a/DET person/NOUN does/AUX broad/ADJ jump/VERB back/ADV and/CCONJ forth/ADV with/ADP a/DET quick/ADJ stretch/NOUN in/ADP between/ADP jump/NOUN,0.0,0.0,Energetic dynamic,quick,D:\roboticsreport\HumanML3D\data\train-00001-of-00007.parquet
train,012842,0,a man stands casually with his arms to his sides than takes 4 slow steps backwards starting with his left and then stops.,a/DET man/NOUN stand/VERB casually/ADV with/ADP his/DET arm/NOUN to/ADP his/DET side/NOUN than/SCONJ take/VERB slow/ADJ step/NOUN backwards/ADV start/VERB with/ADP his/DET left/NOUN and/CCONJ then/ADV stop/VERB,0.0,0.0,Controlled motion,slow,D:\roboticsreport\HumanML3D\data\train-00003-of-00007.parquet
train,M012806,1,"a man bends his legs slightly then takes a medium-length jump forward, raising his forearms slightly then letting them hang loose on landing.",a/DET man/NOUN bend/VERB his/DET leg/NOUN slightly/ADV then/ADV take/VERB a/DET mediumlength/NOUN jump/NOUN forward/ADV raise/VERB his/DET forearm/NOUN slightly/ADV then/ADV let/VERB them/PRON hang/VERB loose/ADJ on/ADP landing/NOUN,0.0,0.0,Energetic dynamic,jump,D:\roboticsreport\HumanML3D\data\train-00006-of-00007.parquet
train,M005172,2,a person bends forward with left/left hands quickly to touch left/left toes directly in front of hands. a person twists torso left/left with waist fast facing left/left. a person lifts left/left hands fast above left/left shoulder at the same time. a person bends torso left/left hand sides fast facing forward,a/DET person/NOUN bend/VERB forward/ADV with/ADP left/ADJ left/ADJ hand/NOUN quickly/ADV to/PART touch/VERB left/ADV left/ADJ toe/NOUN directly/ADV in/ADP front/NOUN of/ADP hand/NOUN a/DET person/NOUN twist/VERB torso/VERB left/VERB left/VERB with/ADP waist/NOUN fast/ADV face/VERB left/VERB left/VERB a/DET person/NOUN lift/VERB left/VERB left/ADJ hand/NOUN fast/ADV above/ADV left/ADJ left/ADJ shoulder/NOUN at/ADP the/DET same/ADJ time/NOUN a/DET person/NOUN bend/VERB torso/PROPN left/VERB left/ADJ hand/NOUN side/NOUN fast/ADV face/VERB forward/ADV,0.0,0.0,Energetic dynamic,fast,D:\roboticsreport\HumanML3D\data\train-00004-of-00007.parquet
train,005131,1,a man performs one quick jump into the air and lands on his feet.,a/DET man/NOUN perform/VERB one/NUM quick/ADJ jump/NOUN into/ADP the/DET air/NOUN and/CCONJ land/NOUN on/ADP his/DET foot/NOUN,0.0,0.0,Energetic dynamic,jump;quick,D:\roboticsreport\HumanML3D\data\train-00001-of-00007.parquet
train,014294,0,"person does light bouncy jump, skips forward with left leg swinging forward",person/NOUN does/AUX light/ADJ bouncy/NOUN jump/NOUN skip/VERB forward/ADV with/ADP left/ADJ leg/NOUN swinge/VERB forward/ADV,0.0,0.0,Energetic dynamic,jump,D:\roboticsreport\HumanML3D\data\train-00003-of-00007.parquet
train,001367,1,a person is ballroom dancing with someone.,a/DET person/NOUN is/AUX ballroom/NOUN dance/VERB with/ADP someone/PRON,0.0,0.0,Dance expressive,dancing,D:\roboticsreport\HumanML3D\data\train-00000-of-00007.parquet
train,000069,1,a person lifting one leg bent at the knee then the other the same way in a fast running in place motion.,a/DET person/NOUN lift/VERB one/NUM leg/NOUN bent/NOUN at/ADP the/DET knee/NOUN then/ADV the/DET other/ADJ the/DET same/ADJ way/NOUN in/ADP a/DET fast/ADJ running/NOUN in/ADP place/NOUN motion/NOUN,0.0,0.0,Energetic dynamic,fast,D:\roboticsreport\HumanML3D\data\train-00000-of-00007.parquet
train,M007045,1,a person made a quick jump forward,a/DET person/NOUN make/VERB a/DET quick/ADJ jump/NOUN forward/ADV,0.0,4.0,Energetic dynamic,jump;quick,D:\roboticsreport\HumanML3D\data\train-00005-of-00007.parquet
train,M002360,1,moving the hips and shoulders side to side making it a little dance.,move/VERB the/DET hip/NOUN and/CCONJ shoulder/NOUN side/VERB to/PART side/VERB make/VERB it/PRON a/DET little/ADJ dance/NOUN,0.0,0.0,Dance expressive,dance,D:\roboticsreport\HumanML3D\data\train-00004-of-00007.parquet
train,M013684,2,the man takes a quick step forward starting with his right foot.,the/DET man/NOUN take/VERB a/DET quick/ADJ step/NOUN forward/ADV start/VERB with/ADP his/DET right/ADJ foot/NOUN,0.0,0.0,Energetic dynamic,quick,D:\roboticsreport\HumanML3D\data\train-00006-of-00007.parquet
train,M000830,2,"a person makes small steps foward, turns around, makes quick small steps back, then stops and turns around.",a/DET person/NOUN make/VERB small/ADJ step/NOUN foward/ADJ turn/VERB around/ADV make/VERB quick/ADJ small/ADJ step/NOUN back/ADV then/ADV stop/VERB and/CCONJ turn/VERB around/ADV,0.0,0.0,Energetic dynamic,quick,D:\roboticsreport\HumanML3D\data\train-00003-of-00007.parquet
train,M010570,2,the person jumped with the kick spin.,the/DET person/NOUN jump/VERB with/ADP the/DET kick/NOUN spin/NOUN,0.0,0.0,Dance expressive,spin,D:\roboticsreport\HumanML3D\data\train-00006-of-00007.parquet
train,014393,2,"starting with their right foot, a person sidesteps fast back and forth.",start/VERB with/ADP their/DET right/ADJ foot/NOUN a/DET person/NOUN sidestep/VERB fast/ADV back/ADV and/CCONJ forth/ADV,0.0,0.0,Energetic dynamic,fast,D:\roboticsreport\HumanML3D\data\train-00003-of-00007.parquet
train,008997,2,"the person does a little side to side dance, barely lifting its legs and bringing them down quickly, while shimmying its shoulders up and down slightly.",the/DET person/NOUN does/AUX a/DET little/ADJ side/NOUN to/PART side/VERB dance/NOUN barely/ADV lift/VERB its/DET leg/NOUN and/CCONJ bring/VERB them/PRON down/ADP quickly/ADV while/SCONJ shimmy/VERB its/DET shoulder/NOUN up/ADP and/CCONJ down/ADV slightly/ADV,0.0,0.0,Dance expressive,dance,D:\roboticsreport\HumanML3D\data\train-00002-of-00007.parquet
train,014455,0,the person is doing a russian dance,the/DET person/NOUN is/AUX do/VERB a/DET russian/ADJ dance/NOUN,0.0,0.0,Dance expressive,dance,D:\roboticsreport\HumanML3D\data\train-00003-of-00007.parquet
train,M005014,2,a person walks straight forward at a fast pace.,a/DET person/NOUN walk/VERB straight/ADV forward/ADV at/ADP a/DET fast/ADJ pace/NOUN,0.0,0.0,Energetic dynamic,fast,D:\roboticsreport\HumanML3D\data\train-00004-of-00007.parquet
train,008811,0,a person is moving around dancing with their arms.,a/DET person/NOUN is/AUX move/VERB around/ADV dancing/NOUN with/ADP their/DET arm/NOUN,0.0,0.0,Dance expressive,dancing,D:\roboticsreport\HumanML3D\data\train-00002-of-00007.parquet
train,003728,0,a person walking in fast pace.,a/DET person/NOUN walk/VERB in/ADP fast/ADJ pace/NOUN,0.0,0.0,Energetic dynamic,fast,D:\roboticsreport\HumanML3D\data\train-00000-of-00007.parquet
train,M011060,2,"a man stands up straight, then lifts both arms up over his head and bats them forward in a tired manner.",a/DET man/NOUN stand/VERB up/ADP straight/ADV then/ADV lift/VERB both/DET arm/NOUN up/ADV over/ADP his/DET head/NOUN and/CCONJ bat/VERB them/PRON forward/ADV in/ADP a/DET tired/ADJ manner/NOUN,0.0,0.0,Heavy awkward,tired,D:\roboticsreport\HumanML3D\data\train-00006-of-00007.parquet
train,002688,2,person is hopping slightly up and down very fast with their hands up in the air,person/NOUN is/AUX hop/VERB slightly/ADV up/ADV and/CCONJ down/ADP very/ADV fast/ADV with/ADP their/DET hand/NOUN up/ADP in/ADP the/DET air/NOUN,0.0,0.0,Energetic dynamic,fast,D:\roboticsreport\HumanML3D\data\train-00000-of-00007.parquet
train,012036,1,a person appears to be doing a dance.,a/DET person/NOUN appear/VERB to/PART be/AUX do/VERB a/DET dance/NOUN,0.0,0.0,Dance expressive,dance,D:\roboticsreport\HumanML3D\data\train-00002-of-00007.parquet
train,012522,0,the person is doing the lambada dance.,the/DET person/NOUN is/AUX do/VERB the/DET lambada/PROPN dance/NOUN,0.0,0.0,Dance expressive,dance,D:\roboticsreport\HumanML3D\data\train-00002-of-00007.parquet
train,M010287,2,"a man is hunched over, and he brings his right hand over to join his left as he makes slow stirring motions.",a/DET man/NOUN is/AUX hunch/VERB over/ADV and/CCONJ he/PRON bring/VERB his/DET right/ADJ hand/NOUN over/ADP to/PART join/VERB his/DET left/NOUN as/SCONJ he/PRON make/VERB slow/ADJ stirring/ADJ motion/NOUN,0.0,0.0,Controlled motion,slow,D:\roboticsreport\HumanML3D\data\train-00005-of-00007.parquet
train,M003614,2,a person is jogging / walking fast but not running in circles,a/DET person/NOUN is/AUX jog/VERB walk/VERB fast/ADV but/CCONJ not/PART run/VERB in/ADP circle/NOUN,0.0,0.0,Energetic dynamic,fast,D:\roboticsreport\HumanML3D\data\train-00004-of-00007.parquet
train,M004622,2,person faces forward then jumps to their right then they bend they knees and jump spin twice before standing still,person/NOUN face/VERB forward/ADV then/ADV jump/VERB to/ADP their/DET right/NOUN then/ADV they/PRON bend/VERB they/PRON knee/VERB and/CCONJ jump/VERB spin/NOUN twice/ADV before/ADP stand/VERB still/ADV,0.0,0.0,Dance expressive|Energetic dynamic,jump;spin,D:\roboticsreport\HumanML3D\data\train-00004-of-00007.parquet
train,M010971,0,a person walks forward at a fast pace with hands moving at the wrist,a/DET person/NOUN walk/VERB forward/ADV at/ADP a/DET fast/ADJ pace/NOUN with/ADP hand/NOUN move/VERB at/ADP the/DET wrist/NOUN,0.0,0.0,Energetic dynamic,fast,D:\roboticsreport\HumanML3D\data\train-00006-of-00007.parquet
train,013705,1,dancing backward moving both arms.,dance/VERB backward/ADV move/VERB both/DET arm/NOUN,0.0,0.0,Dance expressive,dancing,D:\roboticsreport\HumanML3D\data\train-00003-of-00007.parquet
train,M009817,2,a person is dancing while running.,a/DET person/NOUN is/AUX dance/VERB while/SCONJ run/VERB,0.0,0.0,Dance expressive,dancing,D:\roboticsreport\HumanML3D\data\train-00005-of-00007.parquet
train,M012272,2,the person was walking really fast.,the/DET person/NOUN was/AUX walk/VERB really/ADV fast/ADV,0.0,0.0,Energetic dynamic,fast,D:\roboticsreport\HumanML3D\data\train-00006-of-00007.parquet
train,003707,0,a person walks side to side with arms extended as if dancing,a/DET person/NOUN walk/VERB side/NOUN to/PART side/VERB with/ADP arm/NOUN extend/VERB as/SCONJ if/SCONJ dancing/NOUN,0.0,0.0,Dance expressive,dancing,D:\roboticsreport\HumanML3D\data\train-00000-of-00007.parquet
train,M009848,0,the man is walking at a quick pace with his hands and feet swinging and appears to be in a hurry.,the/DET man/NOUN is/AUX walk/VERB at/ADP a/DET quick/ADJ pace/NOUN with/ADP his/DET hand/NOUN and/CCONJ foot/NOUN swinge/VERB and/CCONJ appear/VERB to/PART be/AUX in/ADP a/DET hurry/NOUN,0.0,0.0,Energetic dynamic,quick,D:\roboticsreport\HumanML3D\data\train-00005-of-00007.parquet
train,M003414,2,"a person makes slow, wide steps forward.",a/DET person/NOUN make/VERB slow/ADJ wide/ADJ step/NOUN forward/ADV,0.0,0.0,Controlled motion,slow,D:\roboticsreport\HumanML3D\data\train-00004-of-00007.parquet
train,M001325,2,"a man dances throwing both arms up, takes a step to the right and then a step to the back whilst continuing to dance with his arms.",a/DET man/NOUN dance/VERB throw/VERB both/DET arm/NOUN up/ADP take/VERB a/DET step/NOUN to/ADP the/DET right/NOUN and/CCONJ then/ADV a/DET step/NOUN to/ADP the/DET back/NOUN whilst/SCONJ continue/VERB to/PART dance/VERB with/ADP his/DET arm/NOUN,0.0,0.0,Dance expressive,dance,D:\roboticsreport\HumanML3D\data\train-00003-of-00007.parquet
train,006771,1,person bends down and keeps legs straight flowing arms left to right before turning around and doing same back,person/NOUN bend/VERB down/ADP and/CCONJ keep/VERB leg/NOUN straight/ADV flow/VERB arm/NOUN left/VERB to/ADP right/ADV before/ADP turn/VERB around/ADV and/CCONJ do/VERB same/ADJ back/ADV,0.0,0.0,Graceful smooth,flowing,D:\roboticsreport\HumanML3D\data\train-00001-of-00007.parquet
train,008882,2,moving fast on the at front,move/VERB fast/ADV on/ADP the/DET at/ADP front/NOUN,0.0,0.0,Energetic dynamic,fast,D:\roboticsreport\HumanML3D\data\train-00002-of-00007.parquet
train,M001853,1,"the person steps into a martial arts stance, kicks and thrusts its right leg forward, bring itself back into a martial arts stance.",the/DET person/NOUN step/VERB into/ADP a/DET martial/ADJ art/NOUN stance/NOUN kick/NOUN and/CCONJ thrust/NOUN its/DET right/ADJ leg/NOUN forward/ADV bring/VERB itself/PRON back/ADV into/ADP a/DET martial/ADJ art/NOUN stance/NOUN,0.0,0.0,Controlled motion,martial,D:\roboticsreport\HumanML3D\data\train-00003-of-00007.parquet
train,001338,2,a person does a dance move by twisting to the right and then extending the right arm into the arm.,a/DET person/NOUN does/AUX a/DET dance/NOUN move/NOUN by/ADP twist/VERB to/ADP the/DET right/NOUN and/CCONJ then/ADV extend/VERB the/DET right/ADJ arm/NOUN into/ADP the/DET arm/NOUN,0.0,0.0,Dance expressive,dance,D:\roboticsreport\HumanML3D\data\train-00000-of-00007.parquet
train,003726,1,a person is performing a dance,a/DET person/NOUN is/AUX perform/VERB a/DET dance/NOUN,0.0,0.0,Dance expressive,dance,D:\roboticsreport\HumanML3D\data\train-00000-of-00007.parquet
train,008726,1,a person takes a quick step backwards towards their right hand side,a/DET person/NOUN take/VERB a/DET quick/ADJ step/NOUN backwards/ADV towards/ADP their/DET right/ADJ hand/NOUN side/NOUN,0.0,0.0,Energetic dynamic,quick,D:\roboticsreport\HumanML3D\data\train-00002-of-00007.parquet
train,000505,0,a person walks forward and then starts dancing.,a/DET person/NOUN walk/VERB forward/ADV and/CCONJ then/ADV start/VERB dancing/NOUN,0.0,0.0,Dance expressive,dancing,D:\roboticsreport\HumanML3D\data\train-00000-of-00007.parquet
train,M000650,0,this person appears to stumble as if fleftened.,this/DET person/NOUN appear/VERB to/PART stumble/VERB as/SCONJ if/SCONJ fleftene/VERB,0.0,0.0,Heavy awkward,stumble,D:\roboticsreport\HumanML3D\data\train-00003-of-00007.parquet
train,M008884,0,a person does a small jump,a/DET person/NOUN does/AUX a/DET small/ADJ jump/NOUN,0.0,0.0,Energetic dynamic,jump,D:\roboticsreport\HumanML3D\data\train-00005-of-00007.parquet
train,M000411,2,a person breaks into an enthusiastic dance.,a/DET person/NOUN break/VERB into/ADP an/DET enthusiastic/ADJ dance/NOUN,0.0,0.0,Dance expressive,dance,D:\roboticsreport\HumanML3D\data\train-00003-of-00007.parquet
train,004272,1,person walks fast on the spot,person/NOUN walk/VERB fast/ADV on/ADP the/DET spot/NOUN,0.0,0.0,Energetic dynamic,fast,D:\roboticsreport\HumanML3D\data\train-00001-of-00007.parquet
train,012824,1,a person sets something down on the ground and then walks with big hip sway in a diaganol direction.,a/DET person/NOUN set/VERB something/PRON down/ADP on/ADP the/DET ground/NOUN and/CCONJ then/ADV walk/VERB with/ADP big/ADJ hip/NOUN sway/NOUN in/ADP a/DET diaganol/ADJ direction/NOUN,0.0,0.0,Dance expressive,sway,D:\roboticsreport\HumanML3D\data\train-00003-of-00007.parquet
train,M011265,2,the person is walking very slow,the/DET person/NOUN is/AUX walk/VERB very/ADV slow/ADJ,0.0,0.0,Controlled motion,slow,D:\roboticsreport\HumanML3D\data\train-00006-of-00007.parquet
train,000843,1,"person walks fast in a semi circular motion clockwise, then rapidly in a straight line.",person/NOUN walk/VERB fast/ADV in/ADP a/DET semi/ADJ circular/ADJ motion/NOUN clockwise/NOUN then/ADV rapidly/ADV in/ADP a/DET straight/ADJ line/NOUN,0.0,0.0,Energetic dynamic,fast,D:\roboticsreport\HumanML3D\data\train-00000-of-00007.parquet
train,006376,2,"a person takes slow, wide steps forward.",a/DET person/NOUN take/VERB slow/ADJ wide/ADJ step/NOUN forward/ADV,0.0,0.0,Controlled motion,slow,D:\roboticsreport\HumanML3D\data\train-00001-of-00007.parquet
train,008067,2,the person jump and punching back and forth at the same time using his left hands nine times and stop.,the/DET person/NOUN jump/NOUN and/CCONJ punching/NOUN back/ADV and/CCONJ forth/ADV at/ADP the/DET same/ADJ time/NOUN use/VERB his/DET left/ADJ hand/NOUN nine/NUM time/NOUN and/CCONJ stop/VERB,0.0,0.0,Energetic dynamic,jump,D:\roboticsreport\HumanML3D\data\train-00001-of-00007.parquet
train,M006584,1,"a person holds their arms in front of them, and makes a quick punch with their left arm.",a/DET person/NOUN hold/VERB their/DET arm/NOUN in/ADP front/NOUN of/ADP them/PRON and/CCONJ make/VERB a/DET quick/ADJ punch/NOUN with/ADP their/DET left/ADJ arm/NOUN,0.0,0.0,Energetic dynamic,quick,D:\roboticsreport\HumanML3D\data\train-00005-of-00007.parquet
train,M013223,1,this person is jumping up and down as if to jump rope.,this/DET person/NOUN is/AUX jump/VERB up/ADP and/CCONJ down/ADP as/SCONJ if/SCONJ to/PART jump/VERB rope/NOUN,0.0,0.0,Energetic dynamic,jump,D:\roboticsreport\HumanML3D\data\train-00006-of-00007.parquet
train,M012759,0,a person walks forward at a slow pace.,a/DET person/NOUN walk/VERB forward/ADV at/ADP a/DET slow/ADJ pace/NOUN,0.0,0.0,Controlled motion,slow,D:\roboticsreport\HumanML3D\data\train-00006-of-00007.parquet
train,006783,2,"a person reaches back with their right arm and throws something forward with a lot of force, then they steady themselves to remain balanced.",a/DET person/NOUN reach/VERB back/ADV with/ADP their/DET right/ADJ arm/NOUN and/CCONJ throw/VERB something/PRON forward/ADV with/ADP a/DET lot/NOUN of/ADP force/NOUN then/ADV they/PRON steady/VERB themselves/PRON to/PART remain/VERB balanced/ADJ,0.0,0.0,Controlled motion,steady,D:\roboticsreport\HumanML3D\data\train-00001-of-00007.parquet
train,014274,1,"a person walked backwards, and grabbed something and start jump",a/DET person/NOUN walk/VERB backwards/ADV and/CCONJ grab/VERB something/PRON and/CCONJ start/VERB jump/PROPN,0.0,0.0,Energetic dynamic,jump,D:\roboticsreport\HumanML3D\data\train-00003-of-00007.parquet
train,M007874,0,a person who is standing with his arms by his sides takes four very slow steps forward.,a/DET person/NOUN who/PRON is/AUX stand/VERB with/ADP his/DET arm/NOUN by/ADP his/DET side/NOUN take/VERB four/NUM very/ADV slow/ADJ step/NOUN forward/ADV,0.0,0.0,Controlled motion,slow,D:\roboticsreport\HumanML3D\data\train-00005-of-00007.parquet
train,007210,0,a person walking forward in a steady pace,a/DET person/NOUN walk/VERB forward/ADV in/ADP a/DET steady/ADJ pace/NOUN,0.0,0.0,Controlled motion,steady,D:\roboticsreport\HumanML3D\data\train-00001-of-00007.parquet
train,009848,0,the man is walking at a quick pace with his hands and feet swinging and appears to be in a hurry.,the/DET man/NOUN is/AUX walk/VERB at/ADP a/DET quick/ADJ pace/NOUN with/ADP his/DET hand/NOUN and/CCONJ foot/NOUN swinge/VERB and/CCONJ appear/VERB to/PART be/AUX in/ADP a/DET hurry/NOUN,0.0,0.0,Energetic dynamic,quick,D:\roboticsreport\HumanML3D\data\train-00002-of-00007.parquet
train,M008868,2,"a person waddles around like a penguin, then waves with their left hand, their right hand, and then a quick wave with both hands.",a/DET person/NOUN waddle/VERB around/ADV like/SCONJ a/DET penguin/NOUN then/ADV wave/VERB with/ADP their/DET left/ADJ hand/NOUN their/DET right/ADJ hand/NOUN and/CCONJ then/ADV a/DET quick/ADJ wave/NOUN with/ADP both/DET hand/NOUN,0.0,0.0,Energetic dynamic,quick,D:\roboticsreport\HumanML3D\data\train-00005-of-00007.parquet
train,001938,2,the person is standing up. they raise their hands up with fingers spread like jazz hands. hands and hips move back and forth like it is dancing.,the/DET person/NOUN is/AUX stand/VERB up/ADP they/PRON raise/VERB their/DET hand/NOUN up/ADP with/ADP finger/NOUN spread/VERB like/SCONJ jazz/NOUN hand/NOUN hand/NOUN and/CCONJ hip/NOUN move/VERB back/ADV and/CCONJ forth/ADV like/SCONJ it/PRON is/AUX dance/VERB,0.0,0.0,Dance expressive,dancing,D:\roboticsreport\HumanML3D\data\train-00000-of-00007.parquet
train,M010209,1,a person is doing the waltz dance,a/DET person/NOUN is/AUX do/VERB the/DET waltz/NOUN dance/NOUN,0.0,0.0,Dance expressive,dance,D:\roboticsreport\HumanML3D\data\train-00005-of-00007.parquet
train,M011467,0,a colorful animated drawing moving around as if it is dancing.,a/DET colorful/ADJ animate/VERB draw/VERB move/VERB around/ADP as/SCONJ if/SCONJ it/PRON is/AUX dance/VERB,0.0,0.0,Dance expressive,dancing,D:\roboticsreport\HumanML3D\data\train-00006-of-00007.parquet
train,M006988,2,a person is sprinting fast,a/DET person/NOUN is/AUX sprint/VERB fast/ADV,0.0,0.0,Energetic dynamic,fast,D:\roboticsreport\HumanML3D\data\train-00005-of-00007.parquet
train,002010,2,the person is moving someone or hands around dancing.,the/DET person/NOUN is/AUX move/VERB someone/PRON or/CCONJ hand/NOUN around/ADP dance/VERB,0.0,0.0,Dance expressive,dancing,D:\roboticsreport\HumanML3D\data\train-00000-of-00007.parquet
train,M003320,2,a person walks forward at a steady pace,a/DET person/NOUN walk/VERB forward/ADV at/ADP a/DET steady/ADJ pace/NOUN,0.0,0.0,Controlled motion,steady,D:\roboticsreport\HumanML3D\data\train-00004-of-00007.parquet
train,M003180,0,he does a walk run,he/PRON does/AUX a/DET walk/NOUN run/VERB,0.0,0.0,Energetic dynamic,run,D:\roboticsreport\HumanML3D\data\train-00004-of-00007.parquet
train,000049,2,he uplift his right hand and moving it fast again and again.,he/PRON uplift/VERB his/DET right/ADJ hand/NOUN and/CCONJ move/VERB it/PRON fast/ADJ again/ADV and/CCONJ again/ADV,0.0,0.0,Energetic dynamic,fast,D:\roboticsreport\HumanML3D\data\train-00000-of-00007.parquet
train,M012824,1,a person sets something down on the ground and then walks with big hip sway in a diaganol direction.,a/DET person/NOUN set/VERB something/PRON down/ADP on/ADP the/DET ground/NOUN and/CCONJ then/ADV walk/VERB with/ADP big/ADJ hip/NOUN sway/NOUN in/ADP a/DET diaganol/ADJ direction/NOUN,0.0,0.0,Dance expressive,sway,D:\roboticsreport\HumanML3D\data\train-00006-of-00007.parquet
train,000923,2,a fast pace stepping forward with dribble hands then takes a shot.,a/DET fast/ADJ pace/NOUN step/VERB forward/ADV with/ADP dribble/ADJ hand/NOUN then/ADV take/VERB a/DET shot/NOUN,0.0,0.0,Energetic dynamic,fast,D:\roboticsreport\HumanML3D\data\train-00000-of-00007.parquet
train,M004547,1,person takes fast steps forwards,person/NOUN take/VERB fast/ADJ step/NOUN forwards/ADV,0.0,0.0,Energetic dynamic,fast,D:\roboticsreport\HumanML3D\data\train-00004-of-00007.parquet
train,008956,1,a person walks forward at a relatively fast pace.,a/DET person/NOUN walk/VERB forward/ADV at/ADP a/DET relatively/ADV fast/ADJ pace/NOUN,0.0,0.0,Energetic dynamic,fast,D:\roboticsreport\HumanML3D\data\train-00002-of-00007.parquet
train,012038,0,the man raises his hands and waves then fast in the air.,the/DET man/NOUN raise/VERB his/DET hand/NOUN and/CCONJ wave/NOUN then/ADV fast/VERB in/ADP the/DET air/NOUN,0.0,0.0,Energetic dynamic,fast,D:\roboticsreport\HumanML3D\data\train-00002-of-00007.parquet
train,M005570,2,a lowers their arms and uses their left and right hands to steady themselves as they walk forward,a/DET lower/NOUN their/DET arm/NOUN and/CCONJ use/VERB their/DET left/ADJ and/CCONJ right/ADJ hand/NOUN to/PART steady/VERB themselves/PRON as/SCONJ they/PRON walk/VERB forward/ADV,0.0,0.0,Controlled motion,steady,D:\roboticsreport\HumanML3D\data\train-00004-of-00007.parquet
train,M011697,0,the person took one jump down.,the/DET person/NOUN take/VERB one/NUM jump/NOUN down/ADP,0.0,0.0,Energetic dynamic,jump,D:\roboticsreport\HumanML3D\data\train-00006-of-00007.parquet
train,M010252,2,"a man is standing up, then bends down to take a big jump forward, leaps forward, and then stands back up straight.",a/DET man/NOUN is/AUX stand/VERB up/ADP then/ADV bend/VERB down/ADP to/PART take/VERB a/DET big/ADJ jump/NOUN forward/ADV leaps/ADV forward/ADV and/CCONJ then/ADV stand/VERB back/ADV up/ADV straight/ADV,0.0,0.0,Energetic dynamic,jump,D:\roboticsreport\HumanML3D\data\train-00005-of-00007.parquet
train,010209,2,"a person is dancing, arms held up as to hold another person's shoulders, moving back and forth in a counterclockwise pattern.",a/DET person/NOUN is/AUX dance/VERB arm/NOUN hold/VERB up/ADP as/SCONJ to/PART hold/VERB another/DET person/NOUN shoulder/NOUN move/VERB back/ADV and/CCONJ forth/ADV in/ADP a/DET counterclockwise/ADJ pattern/NOUN,0.0,0.0,Dance expressive,dancing,D:\roboticsreport\HumanML3D\data\train-00002-of-00007.parquet
train,006497,2,a person jump once on the spot.,a/DET person/NOUN jump/NOUN once/ADV on/ADP the/DET spot/NOUN,0.0,0.0,Energetic dynamic,jump,D:\roboticsreport\HumanML3D\data\train-00001-of-00007.parquet
train,M003023,1,the person is doing awkward arm movements to the head and then down in front.,the/DET person/NOUN is/AUX do/VERB awkward/ADJ arm/NOUN movement/NOUN to/ADP the/DET head/NOUN and/CCONJ then/ADV down/ADP in/ADP front/NOUN,0.0,0.0,Heavy awkward,awkward,D:\roboticsreport\HumanML3D\data\train-00004-of-00007.parquet
train,009034,1,a person is dancing and waving their arms,a/DET person/NOUN is/AUX dance/VERB and/CCONJ wave/VERB their/DET arm/NOUN,0.0,0.0,Dance expressive,dancing,D:\roboticsreport\HumanML3D\data\train-00002-of-00007.parquet
train,M013257,2,a person who is standing with his hands by his sides takes deliberate steps on a treadmill.,a/DET person/NOUN who/PRON is/AUX stand/VERB with/ADP his/DET hand/NOUN by/ADP his/DET side/NOUN take/VERB deliberate/ADJ step/NOUN on/ADP a/DET treadmill/NOUN,0.0,0.0,Controlled motion,deliberate,D:\roboticsreport\HumanML3D\data\train-00006-of-00007.parquet
train,010694,1,"a person walks forward then steps to the right with a quick little stutter-step further to right, then immediately to the left and continues to walk in their original path.",a/DET person/NOUN walk/VERB forward/ADV then/ADV step/VERB to/ADP the/DET right/NOUN with/ADP a/DET quick/ADJ little/ADJ stutterstep/NOUN further/ADV to/ADP right/NOUN then/ADV immediately/ADV to/ADP the/DET left/NOUN and/CCONJ continue/VERB to/PART walk/VERB in/ADP their/DET original/ADJ path/NOUN,0.0,0.0,Energetic dynamic,quick,D:\roboticsreport\HumanML3D\data\train-00002-of-00007.parquet
train,M003644,2,the person is  slow punching the air.,the/DET person/NOUN is/AUX slow/ADJ punching/NOUN the/DET air/NOUN,0.0,0.0,Controlled motion,slow,D:\roboticsreport\HumanML3D\data\train-00004-of-00007.parquet
train,004718,1,a person bends down to pick up a heavy item from the ground using both hands and gives it to another person.,a/DET person/NOUN bend/VERB down/ADP to/PART pick/VERB up/ADP a/DET heavy/ADJ item/NOUN from/ADP the/DET ground/NOUN use/VERB both/DET hand/NOUN and/CCONJ give/VERB it/PRON to/ADP another/DET person/NOUN,0.0,0.0,Heavy awkward,heavy,D:\roboticsreport\HumanML3D\data\train-00001-of-00007.parquet
train,001288,2,the person seems to be 'beat boxing' and drops to the ground swinging his left foot over in a circular direction and using that momentum to to propel himself to spin over his right shoulder first then his left so he ends up seated again.,the/DET person/NOUN seem/VERB to/PART be/AUX beat/VERB box/VERB and/CCONJ drop/VERB to/ADP the/DET ground/NOUN swinge/VERB his/DET left/ADJ foot/NOUN over/ADV in/ADP a/DET circular/ADJ direction/NOUN and/CCONJ use/VERB that/DET momentum/NOUN to/ADP to/PART propel/VERB himself/PRON to/PART spin/VERB over/ADP his/DET right/ADJ shoulder/NOUN first/ADV then/ADV his/DET left/NOUN so/SCONJ he/PRON end/VERB up/ADP seated/ADJ again/ADV,0.0,0.0,Dance expressive,spin,D:\roboticsreport\HumanML3D\data\train-00000-of-00007.parquet
train,M000354,1,he is jumping very fast.,he/PRON is/AUX jump/VERB very/ADV fast/ADV,0.0,0.0,Energetic dynamic,fast,D:\roboticsreport\HumanML3D\data\train-00003-of-00007.parquet
train,004323,1,"a person walks forward, then dances backwards and then begins a spin in a clockwise direction with arms raising",a/DET person/NOUN walk/VERB forward/ADV then/ADV dance/VERB backwards/ADV and/CCONJ then/ADV begin/VERB a/DET spin/NOUN in/ADP a/DET clockwise/ADJ direction/NOUN with/ADP arm/NOUN raise/VERB,0.0,0.0,Dance expressive,spin,D:\roboticsreport\HumanML3D\data\train-00001-of-00007.parquet
train,M007367,0,"a person jumps repeatedly, throwing their arms above their head and stretching their legs with each jump.",a/DET person/NOUN jump/VERB repeatedly/ADV throw/VERB their/DET arm/NOUN above/ADP their/DET head/NOUN and/CCONJ stretch/VERB their/DET leg/NOUN with/ADP each/DET jump/NOUN,0.0,0.0,Energetic dynamic,jump,D:\roboticsreport\HumanML3D\data\train-00005-of-00007.parquet
train,002216,0,"a figure gestures as though it is digging with a shovel. the figure stops dancing around 7 second mark, and seems to place a plant or tree into the hole it has dug.",a/DET figure/NOUN gesture/VERB as/SCONJ though/SCONJ it/PRON is/AUX dig/VERB with/ADP a/DET shovel/NOUN the/DET figure/NOUN stop/VERB dance/VERB around/ADP second/ADJ mark/NOUN and/CCONJ seem/VERB to/PART place/VERB a/DET plant/NOUN or/CCONJ tree/NOUN into/ADP the/DET hole/NOUN it/PRON has/AUX dig/VERB,0.0,0.0,Dance expressive,dancing,D:\roboticsreport\HumanML3D\data\train-00000-of-00007.parquet
train,009778,1,"a person walks forward at a leisurely, somewhat slow pace.",a/DET person/NOUN walk/VERB forward/ADV at/ADP a/DET leisurely/ADV somewhat/ADV slow/ADJ pace/NOUN,0.0,0.0,Controlled motion,slow,D:\roboticsreport\HumanML3D\data\train-00002-of-00007.parquet
train,007217,2,a person is walking forward and dancing at the same time. they are throwing their limbs out in sudden movements and shaking their legs.,a/DET person/NOUN is/AUX walk/VERB forward/ADV and/CCONJ dance/VERB at/ADP the/DET same/ADJ time/NOUN they/PRON are/AUX throw/VERB their/DET limb/NOUN out/ADP in/ADP sudden/ADJ movement/NOUN and/CCONJ shake/VERB their/DET leg/NOUN,0.0,0.0,Dance expressive,dancing,D:\roboticsreport\HumanML3D\data\train-00001-of-00007.parquet
train,001959,2,a person bends over and does a standing jump forward.,a/DET person/NOUN bend/VERB over/ADP and/CCONJ does/AUX a/DET stand/VERB jump/NOUN forward/ADV,0.0,0.0,Energetic dynamic,jump,D:\roboticsreport\HumanML3D\data\train-00000-of-00007.parquet
train,M012534,2,the man is jumping jump,the/DET man/NOUN is/AUX jump/VERB jump/NOUN,0.0,0.0,Energetic dynamic,jump,D:\roboticsreport\HumanML3D\data\train-00006-of-00007.parquet
train,M010980,0,"a person lifts his arms up in front of him, then mimics punching the air a few times. he then lowers his arms, and trots in a quick clockwise circle.",a/DET person/NOUN lift/VERB his/DET arm/NOUN up/ADP in/ADP front/NOUN of/ADP him/PRON then/ADV mimic/NOUN punch/VERB the/DET air/NOUN a/DET few/ADJ time/NOUN he/PRON then/ADV lower/VERB his/DET arm/NOUN and/CCONJ trot/NOUN in/ADP a/DET quick/ADJ clockwise/NOUN circle/NOUN,0.0,0.0,Energetic dynamic,quick,D:\roboticsreport\HumanML3D\data\train-00006-of-00007.parquet
train,M004662,1,a person swings their arms and body around as if they are dancing.,a/DET person/NOUN swing/VERB their/DET arm/NOUN and/CCONJ body/NOUN around/ADP as/SCONJ if/SCONJ they/PRON are/AUX dance/VERB,0.0,0.0,Dance expressive,dancing,D:\roboticsreport\HumanML3D\data\train-00004-of-00007.parquet
train,M003970,1,a person is salsa dancing.,a/DET person/NOUN is/AUX salsa/PROPN dancing/NOUN,0.0,0.0,Dance expressive,dancing,D:\roboticsreport\HumanML3D\data\train-00004-of-00007.parquet
train,M003830,2,"a person squats deeply, then swings themselves into a forward leap.",a/DET person/NOUN squat/VERB deeply/ADV then/ADV swing/VERB themselves/PRON into/ADP a/DET forward/ADJ leap/NOUN,0.0,0.0,Energetic dynamic,leap,D:\roboticsreport\HumanML3D\data\train-00004-of-00007.parquet
train,M004746,0,a person walks forward at fast pace.,a/DET person/NOUN walk/VERB forward/ADV at/ADP fast/ADJ pace/NOUN,0.0,0.0,Energetic dynamic,fast,D:\roboticsreport\HumanML3D\data\train-00004-of-00007.parquet
train,M001710,0,person is dancing arounds arms up.,person/NOUN is/AUX dance/VERB around/VERB arm/NOUN up/ADP,0.0,0.0,Dance expressive,dancing,D:\roboticsreport\HumanML3D\data\train-00003-of-00007.parquet
train,M009018,2,a person dancing with left arm in the air and bouncing back and forth,a/DET person/NOUN dance/VERB with/ADP left/ADJ arm/NOUN in/ADP the/DET air/NOUN and/CCONJ bounce/VERB back/ADV and/CCONJ forth/ADV,0.0,0.0,Dance expressive,dancing,D:\roboticsreport\HumanML3D\data\train-00005-of-00007.parquet
train,011392,1,the figure appears to step over something with a slightly awkward walk before turning so that we are seeing their back.,the/DET figure/NOUN appear/VERB to/PART step/VERB over/ADP something/PRON with/ADP a/DET slightly/ADV awkward/ADJ walk/NOUN before/ADP turn/VERB so/SCONJ that/SCONJ we/PRON are/AUX see/VERB their/DET back/NOUN,0.0,0.0,Heavy awkward,awkward,D:\roboticsreport\HumanML3D\data\train-00002-of-00007.parquet
train,009633,0,someone is doing jumping jacks in slow motion.,someone/PRON is/AUX do/VERB jump/VERB jack/NOUN in/ADP slow/ADJ motion/NOUN,0.0,0.0,Controlled motion,slow,D:\roboticsreport\HumanML3D\data\train-00002-of-00007.parquet
train,M010764,0,a person walks forward careful to avoid something that is on the ground.,a/DET person/NOUN walk/VERB forward/ADV careful/ADJ to/PART avoid/VERB something/PRON that/DET is/AUX on/ADP the/DET ground/NOUN,0.0,0.0,Controlled motion,careful,D:\roboticsreport\HumanML3D\data\train-00006-of-00007.parquet
train,007990,1,a person struggles to hold a heavy object before dropping it.,a/DET person/NOUN struggle/VERB to/PART hold/VERB a/DET heavy/ADJ object/NOUN before/ADP drop/VERB it/PRON,0.0,0.0,Heavy awkward,heavy,D:\roboticsreport\HumanML3D\data\train-00001-of-00007.parquet
train,M007518,2,a man walks backwards and then makes a large leap forward.,a/DET man/NOUN walk/VERB backwards/ADV and/CCONJ then/ADV make/VERB a/DET large/ADJ leap/NOUN forward/ADV,0.0,0.0,Energetic dynamic,leap,D:\roboticsreport\HumanML3D\data\train-00005-of-00007.parquet
train,008638,1,"a person walks downstairs, before making a little jump at the bottom.",a/DET person/NOUN walk/VERB downstairs/ADV before/ADP make/VERB a/DET little/ADJ jump/NOUN at/ADP the/DET bottom/NOUN,0.0,0.0,Energetic dynamic,jump,D:\roboticsreport\HumanML3D\data\train-00002-of-00007.parquet
train,004771,1,a person scamps around as if doing a victory dance.,a/DET person/NOUN scamp/VERB around/ADP as/SCONJ if/SCONJ do/VERB a/DET victory/NOUN dance/NOUN,0.0,0.0,Dance expressive,dance,D:\roboticsreport\HumanML3D\data\train-00001-of-00007.parquet
train,004425,1,a person kicking with their right leg twice then kicking once with their left leg in a fast pace.,a/DET person/NOUN kick/VERB with/ADP their/DET right/ADJ leg/NOUN twice/ADV then/ADV kick/VERB once/ADV with/ADP their/DET left/ADJ leg/NOUN in/ADP a/DET fast/ADJ pace/NOUN,0.0,0.0,Energetic dynamic,fast,D:\roboticsreport\HumanML3D\data\train-00001-of-00007.parquet
train,M000517,2,a person walks with a limp,a/DET person/NOUN walk/VERB with/ADP a/DET limp/NOUN,0.0,0.0,Heavy awkward,limp,D:\roboticsreport\HumanML3D\data\train-00003-of-00007.parquet
train,003054,2,a man is dancing around in a circle.,a/DET man/NOUN is/AUX dance/VERB around/ADV in/ADP a/DET circle/NOUN,0.0,0.0,Dance expressive,dancing,D:\roboticsreport\HumanML3D\data\train-00000-of-00007.parquet
train,M007320,0,the person is running forward very fast.,the/DET person/NOUN is/AUX run/VERB forward/ADV very/ADV fast/ADV,0.0,0.0,Energetic dynamic,fast,D:\roboticsreport\HumanML3D\data\train-00005-of-00007.parquet
train,010842,0,the man is doing dance waltz,the/DET man/NOUN is/AUX do/VERB dance/NOUN waltz/NOUN,0.0,0.0,Dance expressive,dance,D:\roboticsreport\HumanML3D\data\train-00002-of-00007.parquet
train,013303,0,the person is doing a quick punch kick.,the/DET person/NOUN is/AUX do/VERB a/DET quick/ADJ punch/NOUN kick/NOUN,0.0,0.0,Energetic dynamic,quick,D:\roboticsreport\HumanML3D\data\train-00003-of-00007.parquet
train,007734,1,a person walks forward fast.,a/DET person/NOUN walk/VERB forward/ADV fast/ADV,0.0,0.0,Energetic dynamic,fast,D:\roboticsreport\HumanML3D\data\train-00001-of-00007.parquet
train,006921,1,"a person jogs forward, does a little dance then jogs back.",a/DET person/NOUN jog/VERB forward/ADV does/AUX a/DET little/ADJ dance/NOUN then/ADV jog/VERB back/ADV,0.0,0.0,Dance expressive,dance,D:\roboticsreport\HumanML3D\data\train-00001-of-00007.parquet
train,M003249,1,someone seems to be dancing,someone/PRON seem/VERB to/PART be/AUX dance/VERB,0.0,0.0,Dance expressive,dancing,D:\roboticsreport\HumanML3D\data\train-00004-of-00007.parquet
train,003130,0,a person doing a fun dance.,a/DET person/NOUN do/VERB a/DET fun/ADJ dance/NOUN,0.0,0.0,Dance expressive,dance,D:\roboticsreport\HumanML3D\data\train-00000-of-00007.parquet
train,003820,1,a person taking a huge jump forward,a/DET person/NOUN take/VERB a/DET huge/ADJ jump/NOUN forward/ADV,0.0,0.0,Energetic dynamic,jump,D:\roboticsreport\HumanML3D\data\train-00000-of-00007.parquet
train,010348,2,a person walks forward with stiff legs.,a/DET person/NOUN walk/VERB forward/ADV with/ADP stiff/ADJ leg/NOUN,0.0,0.0,Heavy awkward,stiff,D:\roboticsreport\HumanML3D\data\train-00002-of-00007.parquet
train,004348,2,a man does a little dance.,a/DET man/NOUN does/AUX a/DET little/ADJ dance/NOUN,0.0,0.0,Dance expressive,dance,D:\roboticsreport\HumanML3D\data\train-00001-of-00007.parquet
train,M001382,0,"a person dancing in certain rotating motion, then raising his or her hand up",a/DET person/NOUN dance/VERB in/ADP certain/ADJ rotating/NOUN motion/NOUN then/ADV raise/VERB his/DET or/CCONJ her/DET hand/NOUN up/ADP,0.0,0.0,Dance expressive,dancing,D:\roboticsreport\HumanML3D\data\train-00003-of-00007.parquet
train,M002926,0,"person squats with both knees bent, bringing hands together at chest, then straightens legs to jump straight upwards but lands slightly to their left considering their beginning position",person/NOUN squat/VERB with/ADP both/DET knee/NOUN bent/ADJ bring/VERB hand/NOUN together/ADV at/ADP chest/NOUN then/ADV straighten/VERB leg/NOUN to/PART jump/VERB straight/ADV upwards/ADV but/CCONJ land/VERB slightly/ADV to/ADP their/DET left/VERB consider/VERB their/DET beginning/NOUN position/NOUN,0.0,0.0,Energetic dynamic,jump,D:\roboticsreport\HumanML3D\data\train-00004-of-00007.parquet
train,011896,2,person is doing different dance moves,person/NOUN is/AUX do/VERB different/ADJ dance/NOUN move/NOUN,0.0,0.0,Dance expressive,dance,D:\roboticsreport\HumanML3D\data\train-00002-of-00007.parquet
train,007787,0,the person is dancing the cha cha .,the/DET person/NOUN is/AUX dance/VERB the/DET cha/NOUN cha/NOUN,0.0,0.0,Dance expressive,dancing,D:\roboticsreport\HumanML3D\data\train-00001-of-00007.parquet
train,M005713,2,coming forward with small dance.,come/VERB forward/ADV with/ADP small/ADJ dance/NOUN,0.0,0.0,Dance expressive,dance,D:\roboticsreport\HumanML3D\data\train-00004-of-00007.parquet
train,M014556,2,person is doing a dance,person/NOUN is/AUX do/VERB a/DET dance/NOUN,0.0,0.0,Dance expressive,dance,D:\roboticsreport\HumanML3D\data\train-00006-of-00007.parquet
train,014423,1,a person picks up a heavy object and throws it with both hands.,a/DET person/NOUN pick/VERB up/ADP a/DET heavy/ADJ object/NOUN and/CCONJ throw/VERB it/PRON with/ADP both/DET hand/NOUN,0.0,0.0,Heavy awkward,heavy,D:\roboticsreport\HumanML3D\data\train-00003-of-00007.parquet
train,M009693,1,a person walks forward really fast.,a/DET person/NOUN walk/VERB forward/ADV really/ADV fast/ADV,0.0,0.0,Energetic dynamic,fast,D:\roboticsreport\HumanML3D\data\train-00005-of-00007.parquet
train,001382,1,"a person is dancing and moving towards left, raising hands",a/DET person/NOUN is/AUX dance/VERB and/CCONJ move/VERB towards/ADP left/ADV raise/VERB hand/NOUN,0.0,0.0,Dance expressive,dancing,D:\roboticsreport\HumanML3D\data\train-00000-of-00007.parquet
train,M007213,2,"a person does the ""i'm a little teapot"" dance, making a handle with his left arm and a spout with his right arm.",a/DET person/NOUN does/AUX the/DET i/PRON a/DET little/ADJ teapot/NOUN dance/NOUN make/VERB a/DET handle/NOUN with/ADP his/DET left/ADJ arm/NOUN and/CCONJ a/DET spout/NOUN with/ADP his/DET right/ADJ arm/NOUN,0.0,0.0,Dance expressive,dance,D:\roboticsreport\HumanML3D\data\train-00005-of-00007.parquet
train,M007713,0,a person takes three quick steps backward.,a/DET person/NOUN take/VERB three/NUM quick/ADJ step/NOUN backward/ADV,0.0,0.0,Energetic dynamic,quick,D:\roboticsreport\HumanML3D\data\train-00005-of-00007.parquet
train,M013354,1,a person throws their body forward and then to the side in an expressive way,a/DET person/NOUN throw/VERB their/DET body/NOUN forward/ADV and/CCONJ then/ADV to/ADP the/DET side/NOUN in/ADP an/DET expressive/ADJ way/NOUN,0.0,0.0,Dance expressive,expressive,D:\roboticsreport\HumanML3D\data\train-00006-of-00007.parquet
train,M011283,1,a person holds their arms out and makes steps as if dancing.,a/DET person/NOUN hold/VERB their/DET arm/NOUN out/ADP and/CCONJ make/VERB step/NOUN as/SCONJ if/SCONJ dancing/NOUN,0.0,0.0,Dance expressive,dancing,D:\roboticsreport\HumanML3D\data\train-00006-of-00007.parquet
train,006681,0,a person throws an object with a fast arm motion.,a/DET person/NOUN throw/VERB an/DET object/NOUN with/ADP a/DET fast/ADJ arm/NOUN motion/NOUN,0.0,0.0,Energetic dynamic,fast,D:\roboticsreport\HumanML3D\data\train-00001-of-00007.parquet
train,004034,2,a man walks forward fast.,a/DET man/NOUN walk/VERB forward/ADV fast/ADV,0.0,0.0,Energetic dynamic,fast,D:\roboticsreport\HumanML3D\data\train-00000-of-00007.parquet
train,009417,1,a person is dancing quickly and having fun.,a/DET person/NOUN is/AUX dance/VERB quickly/ADV and/CCONJ have/VERB fun/NOUN,0.0,0.0,Dance expressive,dancing,D:\roboticsreport\HumanML3D\data\train-00002-of-00007.parquet
train,003058,1,"person shakes hands as if playing a drum, it begins fast and ends slow.",person/NOUN shake/VERB hand/NOUN as/SCONJ if/SCONJ play/VERB a/DET drum/NOUN it/PRON begin/VERB fast/ADJ and/CCONJ end/VERB slow/ADJ,0.0,0.0,Controlled motion|Energetic dynamic,fast;slow,D:\roboticsreport\HumanML3D\data\train-00000-of-00007.parquet
